,Class,Train Accuracy,Validation Accuracy,Test Accuracy,Valid Recall,Valid Precision,Valid F1,Test Recall,Test Precision,Test F1
0,Theme,0.7131824889326119,0.48868778280542985,0.503777148253069,0.617122141662019,0.7669381389707156,0.6839218110175384,0.6249167960949634,0.7879423695621766,0.6970240673142362
1,Subtheme,0.6507624200688638,0.3311036789297659,0.3317595215612213,0.4318209914698974,0.7052291540480516,0.5356540407912896,0.4309549514181961,0.7168979591836735,0.5383106534265049
